CREATE TABLE PRODUTO_AGRICOLA (
    ID NUMBER PRIMARY KEY,
    NOME VARCHAR2(100) NOT NULL,
    UNIDADE VARCHAR2(50) NOT NULL
);

CREATE TABLE PRODUTO_PECUARIO (
    ID NUMBER PRIMARY KEY,
    NOME VARCHAR2(100) NOT NULL,
    UNIDADE VARCHAR2(50) NOT NULL
);

CREATE TABLE PRODUCAO_AGRICOLA (
    ID NUMBER PRIMARY KEY,
    PRODUTO_ID NUMBER NOT NULL,
    VALOR NUMBER NOT NULL,
    UNIDADE VARCHAR2(50) NOT NULL,
    FOREIGN KEY (PRODUTO_ID) REFERENCES PRODUTO_AGRICOLA(ID)
);

CREATE TABLE PRODUCAO_PECUARIA (
    ID NUMBER PRIMARY KEY,
    PRODUTO_ID NUMBER NOT NULL,
    VALOR NUMBER NOT NULL,
    UNIDADE VARCHAR2(50) NOT NULL,
    FOREIGN KEY (PRODUTO_ID) REFERENCES PRODUTO_PECUARIO(ID)
);
 

 BEGIN
    -- Inserção de dados na tabela PRODUTO_AGRICOLA
INSERT INTO PRODUTO_AGRICOLA (ID, NOME, UNIDADE) VALUES (1, 'Soja', 'Mil Reais');
INSERT INTO PRODUTO_AGRICOLA (ID, NOME, UNIDADE) VALUES (2, 'Cana-de-açúcar', 'Mil Reais');
INSERT INTO PRODUTO_AGRICOLA (ID, NOME, UNIDADE) VALUES (3, 'Milho em grão', 'Mil Reais');
INSERT INTO PRODUTO_AGRICOLA (ID, NOME, UNIDADE) VALUES (4, 'Café', 'Mil Reais');
INSERT INTO PRODUTO_AGRICOLA (ID, NOME, UNIDADE) VALUES (5, 'Algodão herbáceo', 'Mil Reais');
INSERT INTO PRODUTO_AGRICOLA (ID, NOME, UNIDADE) VALUES (6, 'Laranja', 'Mil Reais');
INSERT INTO PRODUTO_AGRICOLA (ID, NOME, UNIDADE) VALUES (7, 'Mandioca', 'Mil Reais');
INSERT INTO PRODUTO_AGRICOLA (ID, NOME, UNIDADE) VALUES (8, 'Arroz', 'Mil Reais');
INSERT INTO PRODUTO_AGRICOLA (ID, NOME, UNIDADE) VALUES (9, 'Banana', 'Mil Reais');
INSERT INTO PRODUTO_AGRICOLA (ID, NOME, UNIDADE) VALUES (10, 'Tomate', 'Mil Reais');
INSERT INTO PRODUTO_AGRICOLA (ID, NOME, UNIDADE) VALUES (11, 'Fumo', 'Mil Reais');
INSERT INTO PRODUTO_AGRICOLA (ID, NOME, UNIDADE) VALUES (12, 'Batata', 'Mil Reais');
INSERT INTO PRODUTO_AGRICOLA (ID, NOME, UNIDADE) VALUES (13, 'Açaí (cultivo)', 'Mil Reais');
INSERT INTO PRODUTO_AGRICOLA (ID, NOME, UNIDADE) VALUES (14, 'Trigo', 'Mil Reais');
INSERT INTO PRODUTO_AGRICOLA (ID, NOME, UNIDADE) VALUES (15, 'Uva', 'Mil Reais');
INSERT INTO PRODUTO_AGRICOLA (ID, NOME, UNIDADE) VALUES (16, 'Cacau', 'Mil Reais');
INSERT INTO PRODUTO_AGRICOLA (ID, NOME, UNIDADE) VALUES (17, 'Cebola', 'Mil Reais');
INSERT INTO PRODUTO_AGRICOLA (ID, NOME, UNIDADE) VALUES (18, 'Abacaxi', 'Mil Reais');
INSERT INTO PRODUTO_AGRICOLA (ID, NOME, UNIDADE) VALUES (19, 'Manga', 'Mil Reais');
INSERT INTO PRODUTO_AGRICOLA (ID, NOME, UNIDADE) VALUES (20, 'Amendoim', 'Mil Reais');
INSERT INTO PRODUTO_AGRICOLA (ID, NOME, UNIDADE) VALUES (21, 'Maçã', 'Mil Reais');
INSERT INTO PRODUTO_AGRICOLA (ID, NOME, UNIDADE) VALUES (22, 'Sorgo', 'Mil Reais');
INSERT INTO PRODUTO_AGRICOLA (ID, NOME, UNIDADE) VALUES (23, 'Mamão', 'Mil Reais');
INSERT INTO PRODUTO_AGRICOLA (ID, NOME, UNIDADE) VALUES (24, 'Limão', 'Mil Reais');
INSERT INTO PRODUTO_AGRICOLA (ID, NOME, UNIDADE) VALUES (25, 'Maracujá', 'Mil Reais');
INSERT INTO PRODUTO_AGRICOLA (ID, NOME, UNIDADE) VALUES (26, 'Melancia', 'Mil Reais');
INSERT INTO PRODUTO_AGRICOLA (ID, NOME, UNIDADE) VALUES (27, 'Alho', 'Mil Reais');
INSERT INTO PRODUTO_AGRICOLA (ID, NOME, UNIDADE) VALUES (28, 'Tangerina', 'Mil Reais');
INSERT INTO PRODUTO_AGRICOLA (ID, NOME, UNIDADE) VALUES (29, 'Dendê', 'Mil Reais');
INSERT INTO PRODUTO_AGRICOLA (ID, NOME, UNIDADE) VALUES (30, 'Pimenta-do-reino', 'Mil Reais');
INSERT INTO PRODUTO_AGRICOLA (ID, NOME, UNIDADE) VALUES (31, 'Coco-da-baía', 'Mil Reais');
INSERT INTO PRODUTO_AGRICOLA (ID, NOME, UNIDADE) VALUES (32, 'Borracha', 'Mil Reais');
INSERT INTO PRODUTO_AGRICOLA (ID, NOME, UNIDADE) VALUES (33, 'Goiaba', 'Mil Reais');
INSERT INTO PRODUTO_AGRICOLA (ID, NOME, UNIDADE) VALUES (34, 'Melão', 'Mil Reais');
INSERT INTO PRODUTO_AGRICOLA (ID, NOME, UNIDADE) VALUES (35, 'Erva-mate (cultivo)', 'Mil Reais');
INSERT INTO PRODUTO_AGRICOLA (ID, NOME, UNIDADE) VALUES (36, 'Abacate', 'Mil Reais');
INSERT INTO PRODUTO_AGRICOLA (ID, NOME, UNIDADE) VALUES (37, 'Aveia branca', 'Mil Reais');
INSERT INTO PRODUTO_AGRICOLA (ID, NOME, UNIDADE) VALUES (38, 'Pêssego', 'Mil Reais');
INSERT INTO PRODUTO_AGRICOLA (ID, NOME, UNIDADE) VALUES (39, 'Caqui', 'Mil Reais');
INSERT INTO PRODUTO_AGRICOLA (ID, NOME, UNIDADE) VALUES (40, 'Feijão', 'Mil Reais');
INSERT INTO PRODUTO_AGRICOLA (ID, NOME, UNIDADE) VALUES (41, 'Cevada', 'Mil Reais');
INSERT INTO PRODUTO_AGRICOLA (ID, NOME, UNIDADE) VALUES (42, 'Castanha-de-caju (cultivo)', 'Mil Reais');
INSERT INTO PRODUTO_AGRICOLA (ID, NOME, UNIDADE) VALUES (43, 'Palmito (cultivo)', 'Mil Reais');
INSERT INTO PRODUTO_AGRICOLA (ID, NOME, UNIDADE) VALUES (44, 'Sisal (fibra)', 'Mil Reais');
INSERT INTO PRODUTO_AGRICOLA (ID, NOME, UNIDADE) VALUES (45, 'Girassol (em grão)', 'Mil Reais');
INSERT INTO PRODUTO_AGRICOLA (ID, NOME, UNIDADE) VALUES (46, 'Urucum (cultivo)', 'Mil Reais');
INSERT INTO PRODUTO_AGRICOLA (ID, NOME, UNIDADE) VALUES (47, 'Mamona', 'Mil Reais');
INSERT INTO PRODUTO_AGRICOLA (ID, NOME, UNIDADE) VALUES (48, 'Figo', 'Mil Reais');
INSERT INTO PRODUTO_AGRICOLA (ID, NOME, UNIDADE) VALUES (49, 'Noz', 'Mil Reais');
INSERT INTO PRODUTO_AGRICOLA (ID, NOME, UNIDADE) VALUES (50, 'Fava', 'Mil Reais');
INSERT INTO PRODUTO_AGRICOLA (ID, NOME, UNIDADE) VALUES (51, 'Pera', 'Mil Reais');
INSERT INTO PRODUTO_AGRICOLA (ID, NOME, UNIDADE) VALUES (52, 'Guaraná', 'Mil Reais');
INSERT INTO PRODUTO_AGRICOLA (ID, NOME, UNIDADE) VALUES (53, 'Triticale', 'Mil Reais');
INSERT INTO PRODUTO_AGRICOLA (ID, NOME, UNIDADE) VALUES (54, 'Azeitona', 'Mil Reais');
INSERT INTO PRODUTO_AGRICOLA (ID, NOME, UNIDADE) VALUES (55, 'Malva', 'Mil Reais');
INSERT INTO PRODUTO_AGRICOLA (ID, NOME, UNIDADE) VALUES (56, 'Ervilha em grão', 'Mil Reais');
INSERT INTO PRODUTO_AGRICOLA (ID, NOME, UNIDADE) VALUES (57, 'Linho (semente)', 'Mil Reais');
INSERT INTO PRODUTO_AGRICOLA (ID, NOME, UNIDADE) VALUES (58, 'Centeio', 'Mil Reais');
INSERT INTO PRODUTO_AGRICOLA (ID, NOME, UNIDADE) VALUES (59, 'Chá-da-Índia', 'Mil Reais');
INSERT INTO PRODUTO_AGRICOLA (ID, NOME, UNIDADE) VALUES (60, 'Marmelo', 'Mil Reais');
INSERT INTO PRODUTO_AGRICOLA (ID, NOME, UNIDADE) VALUES (61, 'Juta', 'Mil Reais');

-- Inserção de dados na tabela PRODUTO_PECUARIO
INSERT INTO PRODUTO_PECUARIO (ID, NOME, UNIDADE) VALUES (1, 'Galináceos', 'Cabeças');
INSERT INTO PRODUTO_PECUARIO (ID, NOME, UNIDADE) VALUES (2, 'Bovinos (Bois e Vacas)', 'Cabeças');
INSERT INTO PRODUTO_PECUARIO (ID, NOME, UNIDADE) VALUES (3, 'Suínos (Porcos)', 'Cabeças');
INSERT INTO PRODUTO_PECUARIO (ID, NOME, UNIDADE) VALUES (4, 'Ovinos (Ovelhas e Carneiros)', 'Cabeças');
INSERT INTO PRODUTO_PECUARIO (ID, NOME, UNIDADE) VALUES (5, 'Codornas', 'Cabeças');
INSERT INTO PRODUTO_PECUARIO (ID, NOME, UNIDADE) VALUES (6, 'Caprinos (Bodes e Cabras)', 'Cabeças');
INSERT INTO PRODUTO_PECUARIO (ID, NOME, UNIDADE) VALUES (7, 'Equinos (Cavalos)', 'Cabeças');
INSERT INTO PRODUTO_PECUARIO (ID, NOME, UNIDADE) VALUES (8, 'Bubalinos (Búfalos)', 'Cabeças');

-- Inserção de dados na tabela PRODUCAO_AGRICOLA
INSERT INTO PRODUCAO_AGRICOLA (ID, PRODUTO_ID, VALOR, UNIDADE) VALUES (1, 1, 348661338, 'Mil Reais');
INSERT INTO PRODUCAO_AGRICOLA (ID, PRODUTO_ID, VALOR, UNIDADE) VALUES (2, 2, 101968896, 'Mil Reais');
INSERT INTO PRODUCAO_AGRICOLA (ID, PRODUTO_ID, VALOR, UNIDADE) VALUES (3, 3, 101825101, 'Mil Reais');
INSERT INTO PRODUCAO_AGRICOLA (ID, PRODUTO_ID, VALOR, UNIDADE) VALUES (4, 4, 44030807, 'Mil Reais');
INSERT INTO PRODUCAO_AGRICOLA (ID, PRODUTO_ID, VALOR, UNIDADE) VALUES (5, 5, 29676612, 'Mil Reais');
INSERT INTO PRODUCAO_AGRICOLA (ID, PRODUTO_ID, VALOR, UNIDADE) VALUES (6, 6, 19976319, 'Mil Reais');
INSERT INTO PRODUCAO_AGRICOLA (ID, PRODUTO_ID, VALOR, UNIDADE) VALUES (7, 7, 19178164, 'Mil Reais');
INSERT INTO PRODUCAO_AGRICOLA (ID, PRODUTO_ID, VALOR, UNIDADE) VALUES (8, 8, 17757521, 'Mil Reais');
INSERT INTO PRODUCAO_AGRICOLA (ID, PRODUTO_ID, VALOR, UNIDADE) VALUES (9, 9, 13808363, 'Mil Reais');
INSERT INTO PRODUCAO_AGRICOLA (ID, PRODUTO_ID, VALOR, UNIDADE) VALUES (10, 10, 10592310, 'Mil Reais');
INSERT INTO PRODUCAO_AGRICOLA (ID, PRODUTO_ID, VALOR, UNIDADE) VALUES (11, 11, 10582137, 'Mil Reais');
INSERT INTO PRODUCAO_AGRICOLA (ID, PRODUTO_ID, VALOR, UNIDADE) VALUES (12, 12, 8170099, 'Mil Reais');
INSERT INTO PRODUCAO_AGRICOLA (ID, PRODUTO_ID, VALOR, UNIDADE) VALUES (13, 13, 8056995, 'Mil Reais');
INSERT INTO PRODUCAO_AGRICOLA (ID, PRODUTO_ID, VALOR, UNIDADE) VALUES (14, 14, 7662690, 'Mil Reais');
INSERT INTO PRODUCAO_AGRICOLA (ID, PRODUTO_ID, VALOR, UNIDADE) VALUES (15, 15, 5308250, 'Mil Reais');
INSERT INTO PRODUCAO_AGRICOLA (ID, PRODUTO_ID, VALOR, UNIDADE) VALUES (16, 16, 4633660, 'Mil Reais');
INSERT INTO PRODUCAO_AGRICOLA (ID, PRODUTO_ID, VALOR, UNIDADE) VALUES (17, 17, 4070223, 'Mil Reais');
INSERT INTO PRODUCAO_AGRICOLA (ID, PRODUTO_ID, VALOR, UNIDADE) VALUES (18, 18, 3898778, 'Mil Reais');
INSERT INTO PRODUCAO_AGRICOLA (ID, PRODUTO_ID, VALOR, UNIDADE) VALUES (19, 19, 3231963, 'Mil Reais');
INSERT INTO PRODUCAO_AGRICOLA (ID, PRODUTO_ID, VALOR, UNIDADE) VALUES (20, 20, 3228538, 'Mil Reais');
INSERT INTO PRODUCAO_AGRICOLA (ID, PRODUTO_ID, VALOR, UNIDADE) VALUES (21, 21, 2931988, 'Mil Reais');
INSERT INTO PRODUCAO_AGRICOLA (ID, PRODUTO_ID, VALOR, UNIDADE) VALUES (22, 22, 2709971, 'Mil Reais');
INSERT INTO PRODUCAO_AGRICOLA (ID, PRODUTO_ID, VALOR, UNIDADE) VALUES (23, 23, 2483080, 'Mil Reais');
INSERT INTO PRODUCAO_AGRICOLA (ID, PRODUTO_ID, VALOR, UNIDADE) VALUES (24, 24, 2438846, 'Mil Reais');
INSERT INTO PRODUCAO_AGRICOLA (ID, PRODUTO_ID, VALOR, UNIDADE) VALUES (25, 25, 2389199, 'Mil Reais');
INSERT INTO PRODUCAO_AGRICOLA (ID, PRODUTO_ID, VALOR, UNIDADE) VALUES (26, 26, 2226869, 'Mil Reais');
INSERT INTO PRODUCAO_AGRICOLA (ID, PRODUTO_ID, VALOR, UNIDADE) VALUES (27, 27, 2131302, 'Mil Reais');
INSERT INTO PRODUCAO_AGRICOLA (ID, PRODUTO_ID, VALOR, UNIDADE) VALUES (28, 28, 1963491, 'Mil Reais');
INSERT INTO PRODUCAO_AGRICOLA (ID, PRODUTO_ID, VALOR, UNIDADE) VALUES (29, 29, 1810818, 'Mil Reais');
INSERT INTO PRODUCAO_AGRICOLA (ID, PRODUTO_ID, VALOR, UNIDADE) VALUES (30, 30, 1658081, 'Mil Reais');
INSERT INTO PRODUCAO_AGRICOLA (ID, PRODUTO_ID, VALOR, UNIDADE) VALUES (31, 31, 1613889, 'Mil Reais');
INSERT INTO PRODUCAO_AGRICOLA (ID, PRODUTO_ID, VALOR, UNIDADE) VALUES (32, 32, 1400243, 'Mil Reais');
INSERT INTO PRODUCAO_AGRICOLA (ID, PRODUTO_ID, VALOR, UNIDADE) VALUES (33, 33, 1306013, 'Mil Reais');
INSERT INTO PRODUCAO_AGRICOLA (ID, PRODUTO_ID, VALOR, UNIDADE) VALUES (34, 34, 1255050, 'Mil Reais');
INSERT INTO PRODUCAO_AGRICOLA (ID, PRODUTO_ID, VALOR, UNIDADE) VALUES (35, 35, 957714, 'Mil Reais');
INSERT INTO PRODUCAO_AGRICOLA (ID, PRODUTO_ID, VALOR, UNIDADE) VALUES (36, 36, 918669, 'Mil Reais');
INSERT INTO PRODUCAO_AGRICOLA (ID, PRODUTO_ID, VALOR, UNIDADE) VALUES (37, 37, 691112, 'Mil Reais');
INSERT INTO PRODUCAO_AGRICOLA (ID, PRODUTO_ID, VALOR, UNIDADE) VALUES (38, 38, 646834, 'Mil Reais');
INSERT INTO PRODUCAO_AGRICOLA (ID, PRODUTO_ID, VALOR, UNIDADE) VALUES (39, 39, 517140, 'Mil Reais');
INSERT INTO PRODUCAO_AGRICOLA (ID, PRODUTO_ID, VALOR, UNIDADE) VALUES (40, 40, 473980, 'Mil Reais');
INSERT INTO PRODUCAO_AGRICOLA (ID, PRODUTO_ID, VALOR, UNIDADE) VALUES (41, 41, 473980, 'Mil Reais');
INSERT INTO PRODUCAO_AGRICOLA (ID, PRODUTO_ID, VALOR, UNIDADE) VALUES (42, 42, 453163, 'Mil Reais');
INSERT INTO PRODUCAO_AGRICOLA (ID, PRODUTO_ID, VALOR, UNIDADE) VALUES (43, 43, 412144, 'Mil Reais');
INSERT INTO PRODUCAO_AGRICOLA (ID, PRODUTO_ID, VALOR, UNIDADE) VALUES (44, 44, 311555, 'Mil Reais');
INSERT INTO PRODUCAO_AGRICOLA (ID, PRODUTO_ID, VALOR, UNIDADE) VALUES (45, 45, 168937, 'Mil Reais');
INSERT INTO PRODUCAO_AGRICOLA (ID, PRODUTO_ID, VALOR, UNIDADE) VALUES (46, 46, 161704, 'Mil Reais');
INSERT INTO PRODUCAO_AGRICOLA (ID, PRODUTO_ID, VALOR, UNIDADE) VALUES (47, 47, 133556, 'Mil Reais');
INSERT INTO PRODUCAO_AGRICOLA (ID, PRODUTO_ID, VALOR, UNIDADE) VALUES (48, 48, 128050, 'Mil Reais');
INSERT INTO PRODUCAO_AGRICOLA (ID, PRODUTO_ID, VALOR, UNIDADE) VALUES (49, 49, 93387, 'Mil Reais');
INSERT INTO PRODUCAO_AGRICOLA (ID, PRODUTO_ID, VALOR, UNIDADE) VALUES (50, 50, 82454, 'Mil Reais');
INSERT INTO PRODUCAO_AGRICOLA (ID, PRODUTO_ID, VALOR, UNIDADE) VALUES (51, 51, 55840, 'Mil Reais');
INSERT INTO PRODUCAO_AGRICOLA (ID, PRODUTO_ID, VALOR, UNIDADE) VALUES (52, 52, 55168, 'Mil Reais');
INSERT INTO PRODUCAO_AGRICOLA (ID, PRODUTO_ID, VALOR, UNIDADE) VALUES (53, 53, 52059, 'Mil Reais');
INSERT INTO PRODUCAO_AGRICOLA (ID, PRODUTO_ID, VALOR, UNIDADE) VALUES (54, 54, 31509, 'Mil Reais');
INSERT INTO PRODUCAO_AGRICOLA (ID, PRODUTO_ID, VALOR, UNIDADE) VALUES (55, 55, 14090, 'Mil Reais');
INSERT INTO PRODUCAO_AGRICOLA (ID, PRODUTO_ID, VALOR, UNIDADE) VALUES (56, 56, 13466, 'Mil Reais');
INSERT INTO PRODUCAO_AGRICOLA (ID, PRODUTO_ID, VALOR, UNIDADE) VALUES (57, 57, 9274, 'Mil Reais');
INSERT INTO PRODUCAO_AGRICOLA (ID, PRODUTO_ID, VALOR, UNIDADE) VALUES (58, 58, 7590, 'Mil Reais');
INSERT INTO PRODUCAO_AGRICOLA (ID, PRODUTO_ID, VALOR, UNIDADE) VALUES (59, 59, 5473, 'Mil Reais');
INSERT INTO PRODUCAO_AGRICOLA (ID, PRODUTO_ID, VALOR, UNIDADE) VALUES (60, 60, 2165, 'Mil Reais');
INSERT INTO PRODUCAO_AGRICOLA (ID, PRODUTO_ID, VALOR, UNIDADE) VALUES (61, 61, 120, 'Mil Reais');

-- Inserção de dados na tabela PRODUCAO_PECUARIA
INSERT INTO PRODUCAO_PECUARIA (ID, PRODUTO_ID, VALOR, UNIDADE) VALUES (1, 1, 1577570401, 'Cabeças');
INSERT INTO PRODUCAO_PECUARIA (ID, PRODUTO_ID, VALOR, UNIDADE) VALUES (2, 2, 238626442, 'Cabeças');
INSERT INTO PRODUCAO_PECUARIA (ID, PRODUTO_ID, VALOR, UNIDADE) VALUES (3, 3, 42997536, 'Cabeças');
INSERT INTO PRODUCAO_PECUARIA (ID, PRODUTO_ID, VALOR, UNIDADE) VALUES (4, 4, 21792139, 'Cabeças');
INSERT INTO PRODUCAO_PECUARIA (ID, PRODUTO_ID, VALOR, UNIDADE) VALUES (5, 5, 15301651, 'Cabeças');
INSERT INTO PRODUCAO_PECUARIA (ID, PRODUTO_ID, VALOR, UNIDADE) VALUES (6, 6, 12891493, 'Cabeças');
INSERT INTO PRODUCAO_PECUARIA (ID, PRODUTO_ID, VALOR, UNIDADE) VALUES (7, 7, 5799514, 'Cabeças');
INSERT INTO PRODUCAO_PECUARIA (ID, PRODUTO_ID, VALOR, UNIDADE) VALUES (8, 8, 1672956, 'Cabeças');
   

 
        COMMIT;
END;
/